method,documents,precision,recall,f1_score,false_positive_rate,dangerous_document_prevention_rate,leakage_rate,human_review_rate
baseline_no_filter,100,0.000000,0.000000,0.000000,0.000000,0.000000,1.000000,0.000000
baseline_keyword,100,1.000000,0.500000,0.666667,0.000000,0.500000,0.000000,0.000000
baseline_regex,100,1.000000,0.250000,0.400000,0.000000,0.250000,0.000000,0.000000
rag_docguard,100,1.000000,1.000000,1.000000,0.000000,0.500000,0.000000,0.400000
